videoID,prediction
BrawlTest_1.mp4,1
BrawlTest_126.mp4,1
BrawlTest_117.mp4,1
BrawlTest_115.mp4,1
BrawlTest_124.mp4,1
BrawlTest_133.mp4,1
BrawlTest_110.mp4,1
BrawlTest_106.mp4,1
BrawlTest_12.mp4,1
BrawlTest_116.mp4,1
BrawlTest_132.mp4,1
BrawlTest_108.mp4,1
BrawlTest_109.mp4,1
BrawlTest_128.mp4,1
BrawlTest_123.mp4,1
BrawlTest_127.mp4,1
BrawlTest_13.mp4,0
BrawlTest_113.mp4,1
BrawlTest_119.mp4,1
BrawlTest_129.mp4,1
BrawlTest_101.mp4,1
BrawlTest_104.mp4,0
BrawlTest_112.mp4,1
BrawlTest_105.mp4,1
BrawlTest_11.mp4,1
BrawlTest_103.mp4,1
BrawlTest_122.mp4,1
BrawlTest_10.mp4,1
BrawlTest_114.mp4,1
BrawlTest_130.mp4,1
BrawlTest_120.mp4,1
BrawlTest_102.mp4,1
BrawlTest_118.mp4,1
BrawlTest_125.mp4,1
BrawlTest_121.mp4,1
BrawlTest_131.mp4,1
BrawlTest_100.mp4,1
BrawlTest_111.mp4,1
BrawlTest_107.mp4,1
BrawlTest_146.mp4,1
BrawlTest_150.mp4,0
BrawlTest_135.mp4,1
BrawlTest_153.mp4,1
BrawlTest_162.mp4,1
BrawlTest_148.mp4,1
BrawlTest_138.mp4,0
BrawlTest_149.mp4,1
BrawlTest_145.mp4,1
BrawlTest_151.mp4,1
BrawlTest_15.mp4,1
BrawlTest_144.mp4,1
BrawlTest_158.mp4,1
BrawlTest_156.mp4,1
BrawlTest_16.mp4,1
BrawlTest_157.mp4,1
BrawlTest_141.mp4,1
BrawlTest_160.mp4,1
BrawlTest_139.mp4,1
BrawlTest_159.mp4,1
BrawlTest_136.mp4,1
BrawlTest_147.mp4,1
BrawlTest_137.mp4,1
BrawlTest_155.mp4,1
BrawlTest_14.mp4,1
BrawlTest_134.mp4,1
BrawlTest_143.mp4,0
BrawlTest_161.mp4,1
BrawlTest_164.mp4,1
BrawlTest_140.mp4,1
BrawlTest_165.mp4,1
BrawlTest_142.mp4,1
BrawlTest_154.mp4,1
BrawlTest_163.mp4,1
BrawlTest_152.mp4,1
BrawlTest_181.mp4,1
BrawlTest_182.mp4,1
BrawlTest_184.mp4,1
BrawlTest_186.mp4,1
BrawlTest_20.mp4,1
BrawlTest_179.mp4,0
BrawlTest_173.mp4,1
BrawlTest_196.mp4,1
BrawlTest_172.mp4,1
BrawlTest_190.mp4,0
BrawlTest_185.mp4,1
BrawlTest_191.mp4,1
BrawlTest_19.mp4,1
BrawlTest_174.mp4,1
BrawlTest_168.mp4,1
BrawlTest_180.mp4,1
BrawlTest_188.mp4,1
BrawlTest_199.mp4,1
BrawlTest_198.mp4,1
BrawlTest_171.mp4,0
BrawlTest_18.mp4,1
BrawlTest_2.mp4,1
BrawlTest_187.mp4,1
BrawlTest_195.mp4,1
BrawlTest_197.mp4,0
BrawlTest_176.mp4,1
BrawlTest_167.mp4,1
BrawlTest_17.mp4,1
BrawlTest_169.mp4,1
BrawlTest_194.mp4,1
BrawlTest_189.mp4,0
BrawlTest_177.mp4,1
BrawlTest_192.mp4,1
BrawlTest_170.mp4,1
BrawlTest_193.mp4,1
BrawlTest_166.mp4,1
BrawlTest_183.mp4,1
BrawlTest_178.mp4,1
BrawlTest_175.mp4,1
BrawlTest_39.mp4,1
BrawlTest_52.mp4,1
BrawlTest_54.mp4,0
BrawlTest_200.mp4,1
BrawlTest_31.mp4,1
BrawlTest_38.mp4,1
BrawlTest_42.mp4,1
BrawlTest_46.mp4,1
BrawlTest_50.mp4,0
BrawlTest_49.mp4,1
BrawlTest_5.mp4,1
BrawlTest_32.mp4,1
BrawlTest_25.mp4,1
BrawlTest_28.mp4,1
BrawlTest_26.mp4,0
BrawlTest_23.mp4,1
BrawlTest_27.mp4,1
BrawlTest_35.mp4,1
BrawlTest_30.mp4,1
BrawlTest_44.mp4,1
BrawlTest_43.mp4,1
BrawlTest_24.mp4,1
BrawlTest_45.mp4,1
BrawlTest_48.mp4,1
BrawlTest_40.mp4,1
BrawlTest_36.mp4,1
BrawlTest_4.mp4,1
BrawlTest_21.mp4,1
BrawlTest_53.mp4,0
BrawlTest_22.mp4,1
BrawlTest_34.mp4,1
BrawlTest_3.mp4,1
BrawlTest_29.mp4,1
BrawlTest_33.mp4,1
BrawlTest_37.mp4,1
BrawlTest_51.mp4,1
BrawlTest_41.mp4,1
BrawlTest_47.mp4,1
BrawlTest_64.mp4,1
BrawlTest_59.mp4,1
BrawlTest_62.mp4,1
BrawlTest_84.mp4,1
BrawlTest_85.mp4,1
BrawlTest_6.mp4,1
BrawlTest_71.mp4,1
BrawlTest_58.mp4,1
BrawlTest_67.mp4,1
BrawlTest_57.mp4,1
BrawlTest_56.mp4,0
BrawlTest_75.mp4,1
BrawlTest_74.mp4,1
BrawlTest_87.mp4,0
BrawlTest_55.mp4,1
BrawlTest_76.mp4,1
BrawlTest_77.mp4,1
BrawlTest_68.mp4,1
BrawlTest_63.mp4,1
BrawlTest_7.mp4,1
BrawlTest_66.mp4,0
BrawlTest_65.mp4,1
BrawlTest_61.mp4,1
BrawlTest_79.mp4,1
BrawlTest_83.mp4,1
BrawlTest_88.mp4,0
BrawlTest_73.mp4,0
BrawlTest_8.mp4,1
BrawlTest_72.mp4,1
BrawlTest_78.mp4,1
BrawlTest_81.mp4,1
BrawlTest_80.mp4,1
BrawlTest_86.mp4,1
BrawlTest_69.mp4,1
BrawlTest_82.mp4,1
BrawlTest_60.mp4,1
BrawlTest_70.mp4,1
BrawlTest_95.mp4,1
BrawlTest_98.mp4,1
BrawlTest_94.mp4,1
BrawlTest_91.mp4,1
BrawlTest_97.mp4,0
BrawlTest_93.mp4,1
BrawlTest_96.mp4,1
BrawlTest_92.mp4,1
BrawlTest_9.mp4,1
BrawlTest_89.mp4,1
BrawlTest_90.mp4,1
BrawlTest_99.mp4,1
PeaceTest_113.mp4,0
PeaceTest_105.mp4,0
PeaceTest_110.mp4,0
PeaceTest_118.mp4,0
PeaceTest_100.mp4,0
PeaceTest_104.mp4,0
PeaceTest_102.mp4,0
PeaceTest_114.mp4,0
PeaceTest_106.mp4,0
PeaceTest_11.mp4,1
PeaceTest_108.mp4,0
PeaceTest_1.mp4,0
PeaceTest_116.mp4,0
PeaceTest_115.mp4,0
PeaceTest_107.mp4,0
PeaceTest_103.mp4,0
PeaceTest_111.mp4,0
PeaceTest_119.mp4,0
PeaceTest_117.mp4,0
PeaceTest_112.mp4,0
PeaceTest_109.mp4,0
PeaceTest_101.mp4,0
PeaceTest_10.mp4,0
PeaceTest_138.mp4,0
PeaceTest_120.mp4,0
PeaceTest_125.mp4,0
PeaceTest_137.mp4,0
PeaceTest_130.mp4,0
PeaceTest_146.mp4,0
PeaceTest_131.mp4,0
PeaceTest_127.mp4,0
PeaceTest_135.mp4,1
PeaceTest_141.mp4,0
PeaceTest_132.mp4,0
PeaceTest_140.mp4,0
PeaceTest_147.mp4,0
PeaceTest_144.mp4,0
PeaceTest_145.mp4,0
PeaceTest_136.mp4,0
PeaceTest_149.mp4,0
PeaceTest_126.mp4,0
PeaceTest_122.mp4,0
PeaceTest_133.mp4,0
PeaceTest_13.mp4,0
PeaceTest_123.mp4,0
PeaceTest_12.mp4,0
PeaceTest_134.mp4,0
PeaceTest_143.mp4,0
PeaceTest_142.mp4,0
PeaceTest_148.mp4,0
PeaceTest_128.mp4,0
PeaceTest_121.mp4,0
PeaceTest_129.mp4,0
PeaceTest_124.mp4,0
PeaceTest_14.mp4,0
PeaceTest_139.mp4,0
PeaceTest_162.mp4,0
PeaceTest_167.mp4,0
PeaceTest_174.mp4,0
PeaceTest_157.mp4,0
PeaceTest_151.mp4,0
PeaceTest_179.mp4,0
PeaceTest_163.mp4,0
PeaceTest_166.mp4,0
PeaceTest_17.mp4,0
PeaceTest_156.mp4,0
PeaceTest_177.mp4,0
PeaceTest_171.mp4,0
PeaceTest_170.mp4,1
PeaceTest_176.mp4,1
PeaceTest_152.mp4,0
PeaceTest_169.mp4,0
PeaceTest_158.mp4,0
PeaceTest_173.mp4,0
PeaceTest_153.mp4,1
PeaceTest_164.mp4,0
PeaceTest_161.mp4,0
PeaceTest_178.mp4,0
PeaceTest_172.mp4,0
PeaceTest_154.mp4,1
PeaceTest_175.mp4,1
PeaceTest_165.mp4,1
PeaceTest_155.mp4,0
PeaceTest_160.mp4,0
PeaceTest_159.mp4,1
PeaceTest_16.mp4,0
PeaceTest_15.mp4,1
PeaceTest_150.mp4,0
PeaceTest_168.mp4,0
PeaceTest_182.mp4,0
PeaceTest_186.mp4,0
PeaceTest_183.mp4,0
PeaceTest_190.mp4,0
PeaceTest_199.mp4,0
PeaceTest_180.mp4,0
PeaceTest_26.mp4,0
PeaceTest_187.mp4,0
PeaceTest_198.mp4,1
PeaceTest_23.mp4,0
PeaceTest_25.mp4,0
PeaceTest_194.mp4,0
PeaceTest_18.mp4,0
PeaceTest_19.mp4,0
PeaceTest_181.mp4,1
PeaceTest_200.mp4,0
PeaceTest_184.mp4,0
PeaceTest_193.mp4,0
PeaceTest_195.mp4,0
PeaceTest_21.mp4,0
PeaceTest_196.mp4,1
PeaceTest_2.mp4,0
PeaceTest_192.mp4,1
PeaceTest_191.mp4,0
PeaceTest_189.mp4,0
PeaceTest_197.mp4,0
PeaceTest_22.mp4,0
PeaceTest_185.mp4,0
PeaceTest_24.mp4,1
PeaceTest_20.mp4,0
PeaceTest_188.mp4,0
PeaceTest_49.mp4,0
PeaceTest_44.mp4,0
PeaceTest_42.mp4,0
PeaceTest_30.mp4,0
PeaceTest_3.mp4,0
PeaceTest_37.mp4,0
PeaceTest_46.mp4,1
PeaceTest_5.mp4,0
PeaceTest_47.mp4,0
PeaceTest_32.mp4,0
PeaceTest_29.mp4,0
PeaceTest_51.mp4,0
PeaceTest_40.mp4,0
PeaceTest_33.mp4,0
PeaceTest_27.mp4,0
PeaceTest_48.mp4,0
PeaceTest_52.mp4,0
PeaceTest_53.mp4,0
PeaceTest_50.mp4,0
PeaceTest_38.mp4,0
PeaceTest_4.mp4,0
PeaceTest_45.mp4,0
PeaceTest_39.mp4,0
PeaceTest_34.mp4,0
PeaceTest_43.mp4,0
PeaceTest_41.mp4,0
PeaceTest_35.mp4,0
PeaceTest_31.mp4,0
PeaceTest_28.mp4,0
PeaceTest_36.mp4,0
PeaceTest_69.mp4,0
PeaceTest_54.mp4,0
PeaceTest_6.mp4,0
PeaceTest_62.mp4,0
PeaceTest_73.mp4,0
PeaceTest_57.mp4,1
PeaceTest_8.mp4,0
PeaceTest_64.mp4,0
PeaceTest_59.mp4,0
PeaceTest_65.mp4,0
PeaceTest_66.mp4,0
PeaceTest_61.mp4,0
PeaceTest_72.mp4,0
PeaceTest_58.mp4,0
PeaceTest_56.mp4,0
PeaceTest_83.mp4,0
PeaceTest_81.mp4,0
PeaceTest_71.mp4,0
PeaceTest_80.mp4,0
PeaceTest_60.mp4,0
PeaceTest_78.mp4,0
PeaceTest_7.mp4,0
PeaceTest_82.mp4,0
PeaceTest_68.mp4,0
PeaceTest_76.mp4,0
PeaceTest_75.mp4,0
PeaceTest_70.mp4,0
PeaceTest_67.mp4,0
PeaceTest_79.mp4,0
PeaceTest_77.mp4,0
PeaceTest_74.mp4,0
PeaceTest_63.mp4,1
PeaceTest_55.mp4,0
PeaceTest_94.mp4,0
PeaceTest_95.mp4,0
PeaceTest_92.mp4,0
PeaceTest_86.mp4,0
PeaceTest_98.mp4,0
PeaceTest_84.mp4,0
PeaceTest_97.mp4,0
PeaceTest_90.mp4,0
PeaceTest_89.mp4,0
PeaceTest_91.mp4,0
PeaceTest_87.mp4,0
PeaceTest_85.mp4,0
PeaceTest_99.mp4,0
PeaceTest_88.mp4,0
PeaceTest_96.mp4,0
PeaceTest_9.mp4,0
PeaceTest_93.mp4,0
